year,country,fmp_management_area,council_management_area_id,council_management_area,council_sablefish_management_area_id,council_sablefish_management_area,geographic_area_name,area_code,exploitable,species_code,species,area_size_km,cpue,cpue_var,rpn,rpn_var,rpw,rpw_var,mean_length,mean_weight,last_modified_date,akfin_load_date
1996,United States,BSAI,1,Aleutians,1,Aleutians,SW Aleutians slope,17,1,10115,Greenland turbot,13609,0.527611357319618,0.014105658999461,7771.71529331797,3060545.73952414,42800.9571923937,92826520.724275,82.1498062540199,5.45444376508555,2021-07-24T01:47:07Z,2021-09-17T21:56:33Z
1996,United States,BSAI,1,Aleutians,1,Aleutians,NE Aleutians slope,15,1,10115,Greenland turbot,14120,0,0,0,0,NA,NA,NA,NA,2021-07-24T01:47:07Z,2021-09-17T21:56:32Z
1996,United States,BSAI,1,Aleutians,1,Aleutians,SE Aleutians slope,18,1,10115,Greenland turbot,14730,0.172069758127226,0.00150028651603016,2534.58753721405,325521.51621396,13958.6653121409,9873085.50263025,82.1498062540199,5.45444376508555,2021-07-24T01:47:07Z,2021-09-17T21:56:32Z
1996,United States,BSAI,1,Aleutians,1,Aleutians,NW Aleutians slope,16,1,10115,Greenland turbot,6305,0,0,0,0,NA,NA,NA,NA,2021-07-24T01:47:07Z,2021-09-17T21:56:33Z
1997,United States,BSAI,2,Bering Sea,2,Bering Sea,Bering 3 slope,7,1,10115,Greenland turbot,8453,0.842469416436377,0.0295309070232515,7121.39397713669,2110078.07149195,38443.0856152569,61490068.3812225,84.1851940238036,5.95164997917986,2021-07-24T01:42:12Z,2021-09-17T21:56:32Z
1997,United States,BSAI,2,Bering Sea,2,Bering Sea,Bering 1 slope,9,1,10115,Greenland turbot,5478,2.37351617051743,0.0168809961867398,13002.1215820945,506573.103973842,78149.4826212472,18300623.923066,81.021566537578,5.19209762145928,2021-07-24T01:42:12Z,2021-09-17T21:56:32Z
1997,United States,BSAI,2,Bering Sea,2,Bering Sea,Bering 2 slope,8,1,10115,Greenland turbot,16817,1.616223656933,0.0690899815514184,27180.0332386422,19539440.5575392,126557.81184,423633282.422153,76.3923937751446,4.20988174666175,2021-07-24T01:42:12Z,2021-09-17T21:56:32Z
1997,United States,BSAI,2,Bering Sea,2,Bering Sea,Bering 4 slope,6,1,10115,Greenland turbot,5721,1.73269562743654,0.0172068898401281,9912.75168456447,563178.768571909,54480.3038643494,17011274.8639126,78.9207239713954,4.72796497817624,2021-07-24T01:42:12Z,2021-09-17T21:56:32Z
1998,United States,BSAI,1,Aleutians,1,Aleutians,NW Aleutians slope,16,1,10115,Greenland turbot,6305,0.458401415765178,0.0183101368121303,6472.62799060432,3650572.5408364,33058.7044846029,95229466.076383,78.9204601596489,4.72790864487756,2021-07-24T01:37:13Z,2021-09-17T21:56:30Z
1998,United States,BSAI,1,Aleutians,1,Aleutians,SW Aleutians slope,17,1,10115,Greenland turbot,13609,0.444043207617265,0.0212848299820575,6540.75644820231,4618231.28721396,35728.4138994678,137799358.845044,82.7925572759001,5.60809259880668,2021-07-24T01:37:13Z,2021-09-17T21:56:30Z
1998,United States,BSAI,1,Aleutians,1,Aleutians,SE Aleutians slope,18,1,10115,Greenland turbot,14730,0.144815698662936,0.00226386753141385,2133.13524130505,491197.903506705,11652.0985620608,14656424.0636131,82.7925572759001,5.60809259880668,2021-07-24T01:37:13Z,2021-09-17T21:57:26Z
1998,United States,BSAI,1,Aleutians,1,Aleutians,NE Aleutians slope,15,1,10115,Greenland turbot,14120,1.46949610413664,0.188164013039016,20749.2849904093,37515087.2012461,105976.194176534,978625046.898833,78.9204601596489,4.72790864487756,2021-07-24T01:37:13Z,2021-09-17T21:57:26Z
1999,United States,BSAI,2,Bering Sea,2,Bering Sea,Bering 4 slope,6,1,10115,Greenland turbot,5721,1.95524550216629,0.0679770167746885,11185.9595178934,2224876.95068989,55445.996319766,54663809.4567619,76.6294821767303,4.25663882996008,2021-07-24T01:32:24Z,2021-09-17T21:57:26Z
1999,United States,BSAI,2,Bering Sea,2,Bering Sea,Bering 3 slope,7,1,10115,Greenland turbot,8453,0.822356645674761,0.0965788672542566,6951.38072588875,6900869.98690165,36214.7588143976,187297891.759268,81.046641948536,5.19782759126683,2021-07-24T01:32:24Z,2021-09-17T21:57:26Z
1999,United States,BSAI,2,Bering Sea,2,Bering Sea,Bering 1 slope,9,1,10115,Greenland turbot,5478,1.75250124528127,0.072116870705601,9600.20182165077,2164117.9606991,50525.7569218568,59944019.3540329,80.0188369499187,4.96666648974538,2021-07-24T01:32:24Z,2021-09-17T21:57:26Z
1999,United States,BSAI,2,Bering Sea,2,Bering Sea,Bering 2 slope,8,1,10115,Greenland turbot,16817,1.86982730254976,0.24811867712197,31444.8857469793,70170812.5255745,135241.72479607,1298009481.78886,76.4003248013282,4.21143985157982,2021-07-24T01:32:24Z,2021-09-17T21:57:26Z
2000,United States,BSAI,1,Aleutians,1,Aleutians,NW Aleutians slope,16,1,10115,Greenland turbot,6305,0.254695123555613,0.00479238998001955,3596.29514460525,955479.87683241,17223.0459684072,21914461.9907133,78.2917616594237,4.59502505820808,2021-07-24T01:27:35Z,2021-09-17T21:57:24Z
2000,United States,BSAI,1,Aleutians,1,Aleutians,NE Aleutians slope,15,1,10115,Greenland turbot,14120,0.816475427290781,0.0492489673857076,11528.6330333458,9818983.32314502,55211.8690770046,225203839.494624,78.2917616594237,4.59502505820808,2021-07-24T01:27:35Z,2021-09-17T21:57:22Z
2000,United States,BSAI,1,Aleutians,1,Aleutians,SE Aleutians slope,18,1,10115,Greenland turbot,14730,0.0920698577619946,0.00109032925587767,1356.18900483418,236571.900602619,7687.07027163829,7600539.55078124,82.8694820833942,5.62668764904863,2021-07-24T01:27:35Z,2021-09-17T21:57:23Z
2000,United States,BSAI,1,Aleutians,1,Aleutians,SW Aleutians slope,17,1,10115,Greenland turbot,13609,0.282310518424236,0.0102512503553269,4158.43393638899,2224243.51822131,23570.5891841352,71460096.4347274,82.8694820833942,5.62668764904863,2021-07-24T01:27:35Z,2021-09-17T21:57:24Z
2001,United States,BSAI,2,Bering Sea,2,Bering Sea,Bering 1 slope,9,1,10115,Greenland turbot,5478,0.895433974482223,0.010013954633712,4905.18731221362,300503.597402471,28304.9779596546,10006083.5531358,81.9653178282141,5.4109074295608,2021-07-24T01:22:54Z,2021-09-17T21:57:22Z
2001,United States,BSAI,2,Bering Sea,2,Bering Sea,Bering 2 slope,8,1,10115,Greenland turbot,16817,1.61118396976753,0.107946773215401,27095.2808195806,30528587.665793,101542.107406318,428757515.071919,75.1805600744265,3.97664215382324,2021-07-24T01:22:54Z,2021-09-17T21:57:22Z
2001,United States,BSAI,2,Bering Sea,2,Bering Sea,Bering 3 slope,7,1,10115,Greenland turbot,7518,0.842915934070068,0.0551635389761855,6337.04199233877,3117861.09592063,27973.5608315831,60754590.4897299,73.9704884999171,3.75316575789616,2021-07-24T01:22:54Z,2021-09-17T21:57:22Z
2001,United States,BSAI,2,Bering Sea,2,Bering Sea,Bering 4 slope,6,1,10115,Greenland turbot,4872,2.88011398275461,0.0425083153980852,14031.9153239805,1008993.69748206,70284.7583027423,25314937.2015392,78.9184081699447,4.72747048773993,2021-07-24T01:22:54Z,2021-09-17T21:57:22Z
2002,United States,BSAI,1,Aleutians,1,Aleutians,SE Aleutians slope,18,1,10115,Greenland turbot,14730,0.111197645883218,0.00217548927591706,1637.9413238598,472022.217114624,10709.3137146817,20178507.577618,85.6700082242956,6.33435504500018,2021-07-24T01:18:15Z,2021-09-17T21:57:17Z
2002,United States,BSAI,1,Aleutians,1,Aleutians,NE Aleutians slope,15,1,10115,Greenland turbot,14120,0.677855974890223,0.0760163247162566,9571.32636544995,15155709.1305088,48251.0181576411,385163367.607472,79.0913718660974,4.76450574153681,2021-07-24T01:18:15Z,2021-09-17T21:57:17Z
2002,United States,BSAI,1,Aleutians,1,Aleutians,NW Aleutians slope,16,1,10115,Greenland turbot,6305,0.211453530022881,0.00739710682733672,2985.72384392308,1474793.73543616,15051.6459167947,37480035.858139,79.0913718660974,4.76450574153681,2021-07-24T01:18:15Z,2021-09-17T21:57:18Z
2002,United States,BSAI,1,Aleutians,1,Aleutians,SW Aleutians slope,17,1,10115,Greenland turbot,13609,0.340961372374405,0.0204538996752893,5022.36101507498,4437941.92885658,32837.5863746318,189717859.866573,85.6700082242956,6.33435504500018,2021-07-24T01:18:15Z,2021-09-17T21:57:18Z
2003,United States,BSAI,2,Bering Sea,2,Bering Sea,Bering 4 slope,6,1,10115,Greenland turbot,5721,1.71471275518733,0.0437664537340674,9809.8716724267,1432469.07184988,51279.8280324911,39142784.9455845,80.2637644882567,5.02106712280204,2021-07-24T01:13:29Z,2021-09-17T21:57:17Z
2003,United States,BSAI,2,Bering Sea,2,Bering Sea,Bering 2 slope,8,1,10115,Greenland turbot,15081,1.65654204358958,0.483820650605645,24982.3105593745,110038504.914531,89824.6730677582,1422560566.0831,71.4222223465683,3.3122940943357,2021-07-24T01:13:29Z,2021-09-17T21:57:17Z
2003,United States,BSAI,2,Bering Sea,2,Bering Sea,Bering 1 slope,9,1,10115,Greenland turbot,5478,1.08719650948953,0.0272577535057024,5955.66247898362,817963.859951814,34376.9740505387,27252682.3166022,78.8028693642115,4.70284682186783,2021-07-24T01:13:29Z,2021-09-17T21:57:17Z
2003,United States,BSAI,2,Bering Sea,2,Bering Sea,Bering 3 slope,7,1,10115,Greenland turbot,8453,0.505105509059312,0.00394760413479937,4269.65686807836,282068.983293084,20475.9583802749,6487208.56616022,75.4042098056763,4.01896988900544,2021-07-24T01:13:29Z,2021-09-17T21:57:17Z
2004,United States,BSAI,1,Aleutians,1,Aleutians,NW Aleutians slope,16,1,10115,Greenland turbot,6305,0.165966474848443,0.00878048216363688,2343.44662486001,1750603.3630858,9605.42889810098,29411091.9535616,74.1667473691562,3.7887809478704,2021-07-24T01:09:01Z,2021-09-17T21:57:15Z
2004,United States,BSAI,1,Aleutians,1,Aleutians,SW Aleutians slope,17,1,10115,Greenland turbot,13609,0.233063058195474,0.0101364404964663,3433.01884721933,2199332.89019573,25660.0093391959,122871798.106904,87.1821264720279,6.74197646970734,2021-07-24T01:09:01Z,2021-09-17T21:57:15Z
2004,United States,BSAI,1,Aleutians,1,Aleutians,NE Aleutians slope,15,1,10115,Greenland turbot,14120,0.532038252543294,0.0902325732068189,7512.38012591132,17990065.1435656,30792.0958768407,302242913.126426,74.1667473691562,3.7887809478704,2021-07-24T01:09:01Z,2021-09-17T21:56:34Z
2004,United States,BSAI,1,Aleutians,1,Aleutians,SE Aleutians slope,18,1,10115,Greenland turbot,14730,0.0760087960498415,0.0010781180090892301,1119.60956581417,233922.390974316,8368.49233679991,13068719.5761086,87.1821264720279,6.74197646970734,2021-07-24T01:09:01Z,2021-09-17T21:57:14Z
2005,United States,BSAI,2,Bering Sea,2,Bering Sea,Bering 2 slope,8,1,10115,Greenland turbot,16817,0.929062729862751,0.0416346228681158,15624.0479281019,11774749.6872853,58642.7992165253,165879968.167559,72.6437237234893,3.51868154793504,2021-07-24T01:04:20Z,2021-09-17T21:57:14Z
2005,United States,BSAI,2,Bering Sea,2,Bering Sea,Bering 1 slope,9,1,10115,Greenland turbot,5478,0.395271877336875,0.0107968090660636,2165.2993440514,323995.872110026,13268.511015371,12166004.3404902,83.917560234174,5.88448214440462,2021-07-24T01:04:20Z,2021-09-17T21:57:14Z
2005,United States,BSAI,2,Bering Sea,2,Bering Sea,Bering 4 slope,6,1,10115,Greenland turbot,5721,0.561907139444932,2.11482945951779e-5,3214.67074476446,692.180319521332,16406.4616292061,18029.185429526,76.7563238500608,4.28180656663079,2021-07-24T01:04:20Z,2021-09-17T21:57:14Z
2005,United States,BSAI,2,Bering Sea,2,Bering Sea,Bering 3 slope,7,1,10115,Greenland turbot,8453,0.287816204307409,0.0102366499533761,2432.91037501053,731441.488578421,12444.2849472342,19136709.4752338,75.6432535601169,4.06456843003075,2021-07-24T01:04:20Z,2021-09-17T21:57:14Z
2006,United States,BSAI,1,Aleutians,1,Aleutians,NW Aleutians slope,16,1,10115,Greenland turbot,6305,0.0607716702846052,9.82768649629733e-4,858.095984418625,195938.909858738,3632.62400338481,3511477.13464301,79.128245708428,4.77242813610219,2021-07-24T00:59:40Z,2021-09-17T21:57:13Z
2006,United States,BSAI,1,Aleutians,1,Aleutians,SW Aleutians slope,17,1,10115,Greenland turbot,13609,0.144443409742975,0.00393553750508154,2127.65142551402,853904.985536307,12152.0085212418,27855100.0412551,73.9895170608936,3.75660829138971,2021-07-24T00:59:40Z,2021-09-17T21:57:13Z
2006,United States,BSAI,1,Aleutians,1,Aleutians,NE Aleutians slope,15,1,10115,Greenland turbot,14120,0.194815569179766,0.0100994162359702,2750.79583681829,2013565.05239683,11645.0923517691,36085674.0792589,79.128245708428,4.77242813610219,2021-07-24T00:59:40Z,2021-09-17T21:57:10Z
2006,United States,BSAI,1,Aleutians,1,Aleutians,SE Aleutians slope,18,1,10115,Greenland turbot,14730,0.047107292579544,4.18586175408781e-4,693.890419696683,90821.8563783518,3963.131456519,2962685.47227486,73.9895170608936,3.75660829138971,2021-07-24T00:59:40Z,2021-09-17T21:57:12Z
2007,United States,BSAI,2,Bering Sea,2,Bering Sea,Bering 2 slope,8,1,10115,Greenland turbot,16817,0.732192833455556,0.0565439536693505,12313.2868802221,15991279.731176,53507.7798350546,301973677.040451,72.6049714057236,3.51199545831,2021-07-24T00:55:00Z,2021-09-17T21:57:10Z
2007,United States,BSAI,2,Bering Sea,2,Bering Sea,Bering 1 slope,9,1,10115,Greenland turbot,4460,0.268793848005305,0.00949527903905843,1198.82056210366,188876.292533335,6000.89701626852,4732617.7708592,78.7273553970112,4.68680321042462,2021-07-24T00:55:00Z,2021-09-17T21:57:10Z
2007,United States,BSAI,2,Bering Sea,2,Bering Sea,Bering 4 slope,6,1,10115,Greenland turbot,1555,0.804763652238304,0.12258931661458,1251.40747923056,296424.03230697,3300.97715482093,2062533.23621755,66.7370651856182,2.60074980729611,2021-07-24T00:55:00Z,2021-09-17T21:57:09Z
2007,United States,BSAI,2,Bering Sea,2,Bering Sea,Bering 3 slope,7,1,10115,Greenland turbot,8453,0.266913695966445,0.011206941153152,2256.22147200436,800771.908466874,12667.4312713383,25241925.8565845,76.8177377784454,4.29403061299717,2021-07-24T00:55:00Z,2021-09-17T21:57:10Z
2008,United States,BSAI,1,Aleutians,1,Aleutians,SW Aleutians slope,17,1,10115,Greenland turbot,13609,0.077607280580165,0.00159130512937874,1143.15524294583,345270.088706181,7503.83552621283,14876992.4969344,86.6094003447864,6.58543281994266,2021-07-24T00:50:39Z,2021-09-17T21:57:08Z
2008,United States,BSAI,1,Aleutians,1,Aleutians,SE Aleutians slope,18,1,10115,Greenland turbot,14730,0.0253100427295223,1.69252186557734e-4,372.816929405864,36723.1377487727,2447.2239767192,1582326.01845014,86.6094003447864,6.58543281994266,2021-07-24T00:50:39Z,2021-09-17T21:57:07Z
2008,United States,BSAI,1,Aleutians,1,Aleutians,NE Aleutians slope,15,1,10115,Greenland turbot,14120,0.204320033365887,0.0100371067102037,2884.99887112633,2001142.12808284,13948.0714082361,46775125.7742224,74.4777115931258,3.84570869819308,2021-07-24T00:50:39Z,2021-09-17T21:57:07Z
2008,United States,BSAI,1,Aleutians,1,Aleutians,NW Aleutians slope,16,1,10115,Greenland turbot,6305,0.0637365368308607,9.76705343883553e-4,899.959900051753,194730.041913577,4351.02594877974,4551661.81087468,74.4777115931258,3.84570869819308,2021-07-24T00:50:39Z,2021-09-17T21:57:08Z
2009,United States,BSAI,2,Bering Sea,2,Bering Sea,Bering 2 slope,8,1,10115,Greenland turbot,15081,1.30300222285329,0.166047312497973,19650.5765228504,37765229.7178314,70997.9159563433,492983903.494014,70.2023706864101,3.11502359236361,2021-07-24T00:45:38Z,2021-09-17T21:57:07Z
2009,United States,BSAI,2,Bering Sea,2,Bering Sea,Bering 3 slope,7,1,10115,Greenland turbot,7518,0.0854931852447231,2.29178886615903e-4,642.73776666982906,12953.2649254901,2889.05286536456,261711.367600933,77.2348725289406,4.37772408703834,2021-07-24T00:45:38Z,2021-09-17T21:57:07Z
2009,United States,BSAI,2,Bering Sea,2,Bering Sea,Bering 1 slope,9,1,10115,Greenland turbot,2178,1.14557744742024,0.17675262430772,2495.06768048128,838458.595886545,11058.8597292554,16471670.9965628,75.6039081022451,4.05703766837657,2021-07-24T00:45:38Z,2021-09-17T21:57:07Z
2009,United States,BSAI,2,Bering Sea,2,Bering Sea,Bering 4 slope,6,1,10115,Greenland turbot,5721,0.516653617778532,0.0247535812385042,2955.77534731098,810180.778116824,13394.0011067675,16636415.2125466,67.3869343056265,2.69215340793837,2021-07-24T00:45:38Z,2021-09-17T21:57:07Z
2010,United States,BSAI,1,Aleutians,1,Aleutians,NE Aleutians slope,15,1,10115,Greenland turbot,14120,0.124041972023117,0.0040490268421846,1751.47264496641,807272.297244449,10897.814043144,31253029.1977485,82.7137204095754,5.58908126252815,2021-07-24T00:40:43Z,2021-09-17T21:57:02Z
2010,United States,BSAI,1,Aleutians,1,Aleutians,SE Aleutians slope,18,1,10115,Greenland turbot,14730,0.0135755804436075,2.00738754390067e-5,199.968299934338,4355.48696824007,1137.03903784793,140820.266195607,84.6771164415975,6.07654342114455,2021-07-24T00:40:43Z,2021-09-17T21:57:04Z
2010,United States,BSAI,1,Aleutians,1,Aleutians,SW Aleutians slope,17,1,10115,Greenland turbot,13609,0.0416263177342147,1.88734110928043e-4,613.155660224982,40950.1873769793,3486.46221517189,1323988.87408825,84.6771164415975,6.07654342114455,2021-07-24T00:40:43Z,2021-09-17T21:57:05Z
2010,United States,BSAI,1,Aleutians,1,Aleutians,NW Aleutians slope,16,1,10115,Greenland turbot,6305,0.0386942268371025,3.94008579212302e-4,546.362482939887,78555.2240753053,3399.51454928007,3041215.11420795,82.7137204095754,5.58908126252815,2021-07-24T00:40:43Z,2021-09-17T21:57:05Z
2011,United States,BSAI,2,Bering Sea,2,Bering Sea,Bering 4 slope,6,1,10115,Greenland turbot,5721,0.249432481753504,0.0220517502677714,1427.0032281118,721750.280035866,4892.87900201984,8485276.56434952,71.208826822306,3.27715373604582,2021-07-24T00:35:29Z,2021-09-17T21:57:02Z
2011,United States,BSAI,2,Bering Sea,2,Bering Sea,Bering 2 slope,8,1,10115,Greenland turbot,16817,0.630327655595423,0.032659731484514,10600.2201841482,9236547.29147559,32826.921295995,88580921.3706634,68.6625527662884,2.87825572171101,2021-07-24T00:35:29Z,2021-09-17T21:57:02Z
2011,United States,BSAI,2,Bering Sea,2,Bering Sea,Bering 3 slope,7,1,10115,Greenland turbot,8453,0.0940505662490425,4.72092487692536e-4,795.009436503157,33732.5231904247,2969.83572336471,470727.005367627,70.850734708869,3.21878967841664,2021-07-24T00:35:29Z,2021-09-17T21:57:02Z
2011,United States,BSAI,2,Bering Sea,2,Bering Sea,Bering 1 slope,9,1,10115,Greenland turbot,4460,0.396439539744849,0.0255834147504516,1768.12034726203,508895.052850083,9865.15112462803,15842075.1908742,76.280644655622,4.18797192306238,2021-07-24T00:35:29Z,2021-09-17T21:57:02Z
2012,United States,BSAI,1,Aleutians,1,Aleutians,SE Aleutians slope,18,1,10115,Greenland turbot,14730,0.0256493924990517,3.28306567261012e-4,377.815551511031,71233.6279876668,1519.71328349696,1152520.66872444,79.6296071228574,4.88108923646513,2021-07-24T00:29:50Z,2021-09-17T21:57:00Z
2012,United States,BSAI,1,Aleutians,1,Aleutians,NE Aleutians slope,15,1,10115,Greenland turbot,14120,0.277521016340378,0.0153269384242593,3918.59675072614,3055799.15217364,16421.438045706702,53664369.3879478,74.7415104848832,3.89448224047014,2021-07-24T00:29:50Z,2021-09-17T21:56:55Z
2012,United States,BSAI,1,Aleutians,1,Aleutians,SW Aleutians slope,17,1,10115,Greenland turbot,13609,0.0786478166653909,0.00308673072482265,1158.48233948121,669736.916883873,4659.84259505745,10835972.5753416,79.6296071228574,4.88108923646513,2021-07-24T00:29:50Z,2021-09-17T21:57:01Z
2012,United States,BSAI,1,Aleutians,1,Aleutians,NW Aleutians slope,16,1,10115,Greenland turbot,6305,0.0865711902446744,0.001491455964011,1222.3852062548,297358.137951114,5122.57938477133,5222050.32492731,74.7415104848832,3.89448224047014,2021-07-24T00:29:50Z,2021-09-17T21:57:01Z
2013,United States,BSAI,2,Bering Sea,2,Bering Sea,Bering 3 slope,7,1,10115,Greenland turbot,8453,0.372535290316459,0.0186363176632891,3149.04080904503,1331624.70098538,15175.272281892,30924184.0384187,75.2520091138437,3.99012949156889,2021-07-24T00:24:40Z,2021-09-17T21:56:59Z
2013,United States,BSAI,2,Bering Sea,2,Bering Sea,Bering 2 slope,8,1,10115,Greenland turbot,16817,0.717741836621428,0.0769592213721325,12070.2644664626,21764951.9885334,39789.1041051109,236511609.248451,69.5662059521961,3.01557073862622,2021-07-24T00:24:40Z,2021-09-17T21:56:59Z
2013,United States,BSAI,2,Bering Sea,2,Bering Sea,Bering 4 slope,6,1,10115,Greenland turbot,4872,0.293549987427417,9.38036542597424e-4,1430.17553874638,22265.5955811248,6098.07691712786,404800.85488279,74.0387038169497,3.76551739038522,2021-07-24T00:24:40Z,2021-09-17T21:56:59Z
2013,United States,BSAI,2,Bering Sea,2,Bering Sea,Bering 1 slope,9,1,10115,Greenland turbot,5478,0.517706081995342,0.0274210917480516,2835.99391717048,822865.392983939,10612.2536551107,11522148.0608694,72.4636329572045,3.48768722725364,2021-07-24T00:24:40Z,2021-09-17T21:56:59Z
2014,United States,BSAI,1,Aleutians,1,Aleutians,NE Aleutians slope,15,1,10115,Greenland turbot,14120,0.252842029749549,0.00516379211557616,3570.12946006363,1029527.95476773,13543.9116733703,14816937.1821496,71.1625508222682,3.26956889275844,2021-07-24T00:20:20Z,2021-09-17T21:56:54Z
2014,United States,BSAI,1,Aleutians,1,Aleutians,SE Aleutians slope,18,1,10115,Greenland turbot,14730,0.0149441614912236,6.89853432247192e-5,220.127498765724,14967.9499769627,778.475424477647,187199.006390839,72.8791126148878,3.55949104590186,2021-07-24T00:20:20Z,2021-09-17T21:56:54Z
2014,United States,BSAI,1,Aleutians,1,Aleutians,SW Aleutians slope,17,1,10115,Greenland turbot,13609,0.0458227489490524,6.48598595729232e-4,674.969092019542,140728.318251299,2387.01140641417,1760040.71287275,72.8791126148878,3.55949104590186,2021-07-24T00:20:20Z,2021-09-17T21:56:55Z
2014,United States,BSAI,1,Aleutians,1,Aleutians,NW Aleutians slope,16,1,10115,Greenland turbot,6305,0.0788727129496067,5.02485775991577e-4,1113.68270684845,100182.800096855,4224.95049057592,1441828.0231175,71.1625508222682,3.26956889275844,2021-07-24T00:20:20Z,2021-09-17T21:56:55Z
2015,United States,BSAI,2,Bering Sea,2,Bering Sea,Bering 3 slope,7,1,10115,Greenland turbot,8453,0.0646468992267992,1.02253228165689e-4,546.460239164133,7306.32128304765,2217.08257264733,120266.692198676,73.8094998608785,3.72413141802974,2021-07-24T00:15:41Z,2021-09-17T21:56:54Z
2015,United States,BSAI,2,Bering Sea,2,Bering Sea,Bering 2 slope,8,1,10115,Greenland turbot,15081,0.88555298834924,0.101227473612469,13355.0246172949,23022828.4771382,40000.9345960505,206542566.41715,69.3370392146314,2.98031113946429,2021-07-24T00:15:41Z,2021-09-17T21:56:54Z
2015,United States,BSAI,2,Bering Sea,2,Bering Sea,Bering 4 slope,6,1,10115,Greenland turbot,4872,0.541003865100362,0.0303065854097616,2635.77083076896,719368.749014898,10785.0208484794,12044208.0863355,71.1039457785051,3.25998139961931,2021-07-24T00:15:41Z,2021-09-17T21:56:54Z
2015,United States,BSAI,2,Bering Sea,2,Bering Sea,Bering 1 slope,9,1,10115,Greenland turbot,4930,0.891114496499109,0.00895689196035467,4393.19446774061,217696.363407224,18110.8066883506,3699694.87719587,73.4558397227473,3.66091660683582,2021-07-24T00:15:41Z,2021-09-17T21:56:54Z
2016,United States,BSAI,1,Aleutians,1,Aleutians,SW Aleutians slope,17,1,10115,Greenland turbot,13609,0.00882277935289638,1.94502689458476e-5,129.959539868164,4220.18125896048,815.232970964263,166065.052097872,83.9093568703974,5.88243200846287,2021-07-24T00:11:05Z,2021-09-17T21:56:52Z
2016,United States,BSAI,1,Aleutians,1,Aleutians,NW Aleutians slope,16,1,10115,Greenland turbot,6305,0.0469792400029311,2.21994361030206e-4,663.346868841387,44259.9925337808,2560.82914842619,659615.995006837,73.8487628429206,3.73119755324483,2021-07-24T00:11:05Z,2021-09-17T21:56:52Z
2016,United States,BSAI,1,Aleutians,1,Aleutians,SE Aleutians slope,18,1,10115,Greenland turbot,14730,0.00287737079234841,2.06874249786772e-6,42.3836717712921,448.861059115604,265.871722026225,17662.7804809264,83.9093568703974,5.88243200846287,2021-07-24T00:11:05Z,2021-09-17T21:56:50Z
2016,United States,BSAI,1,Aleutians,1,Aleutians,NE Aleutians slope,15,1,10115,Greenland turbot,14120,0.150601214973062,0.00228132374280255,2126.48915541963,454837.552427012,8209.24265840299,6778539.88523911,73.8487628429206,3.73119755324483,2021-07-24T00:11:05Z,2021-09-17T21:56:34Z
2017,United States,BSAI,2,Bering Sea,2,Bering Sea,Bering 4 slope,6,1,10115,Greenland turbot,4872,0.524917779738072,0.149701681857685,2557.39942288389,3553376.60601985,6816.35734592255,25243456.053148,66.5051598718949,2.56868002147159,2021-07-24T00:06:03Z,2021-09-17T21:56:34Z
2017,United States,BSAI,2,Bering Sea,2,Bering Sea,Bering 1 slope,9,1,10115,Greenland turbot,5478,1.08263577153137,0.285444926482514,5930.67875644884,8565769.5092317,12790.3233039127,39840119.0788855,68.7115940718824,2.88559002514773,2021-07-24T00:06:03Z,2021-09-17T21:56:34Z
2017,United States,BSAI,2,Bering Sea,2,Bering Sea,Bering 2 slope,8,1,10115,Greenland turbot,16817,0.542773419300432,0.0175929647241093,9127.82059237537,4975492.54954982,26698.7154963532,42567939.0813604,68.0405391239129,2.78639094095859,2021-07-24T00:06:03Z,2021-09-17T21:56:34Z
2017,United States,BSAI,2,Bering Sea,2,Bering Sea,Bering 3 slope,7,1,10115,Greenland turbot,7518,0.346168443784303,0.0648766752605196,2602.49436037039,3666850.70576735,4749.30069774736,12211611.2108291,71.6823255662349,3.35549153809782,2021-07-24T00:06:03Z,2021-09-17T21:56:34Z
2018,United States,BSAI,1,Aleutians,1,Aleutians,SE Aleutians slope,18,1,10115,Greenland turbot,14730,0.0423113021587618,0.00129168076677204,623.245480798561,280259.721840754,1077.26915769031,837318.83926811,78.025014424235,4.53946490551488,2021-07-24T00:00:30Z,2021-09-17T21:56:49Z
2018,United States,BSAI,1,Aleutians,1,Aleutians,SW Aleutians slope,17,1,10115,Greenland turbot,13609,0.129737635508494,0.0121443525870377,1911.03537104011,2634995.39943208,3303.19196512901,7872452.29117489,78.025014424235,4.53946490551488,2021-07-24T00:00:30Z,2021-09-17T21:56:50Z
2018,United States,BSAI,1,Aleutians,1,Aleutians,NW Aleutians slope,16,1,10115,Greenland turbot,6305,0.0458462195901787,3.30553113234898e-4,647.348620613323,65903.8286193398,2192.17114964546,755758.616115542,70.2169181944831,3.11732505158549,2021-07-24T00:00:30Z,2021-09-17T21:56:50Z
2018,United States,BSAI,1,Aleutians,1,Aleutians,NE Aleutians slope,15,1,10115,Greenland turbot,14120,0.146969094684629,0.00339692712004276,2075.20361694696,677260.306402253,7027.43676877064,7766548.96444592,70.2169181944831,3.11732505158549,2021-07-24T00:00:30Z,2021-09-17T21:56:49Z
2019,United States,BSAI,2,Bering Sea,2,Bering Sea,Bering 3 slope,7,1,10115,Greenland turbot,7518,0.113271383773878,0.00432335413613466,851.574263212017,244357.376541071,3204.27700309896,3459716.43548468,72.8355803292165,3.55191830013904,2021-07-23T23:55:37Z,2021-09-17T21:56:49Z
2019,United States,BSAI,2,Bering Sea,2,Bering Sea,Bering 1 slope,9,1,10115,Greenland turbot,4460,0.0241394409053396,6.25789086301613e-5,107.661906437815,1244.79461890772,210.348799647023,4751.75069188003,69.9230132450331,3.07106512290877,2021-07-23T23:55:37Z,2021-09-17T21:56:49Z
2019,United States,BSAI,2,Bering Sea,2,Bering Sea,Bering 2 slope,8,1,10115,Greenland turbot,15081,0.516877579274731,0.0297987545492156,7795.03077304221,6777326.25675671,21401.3309916011,51086281.5372514,67.1293988399351,2.65565938552175,2021-07-23T23:55:37Z,2021-09-17T21:56:49Z
2019,United States,BSAI,2,Bering Sea,2,Bering Sea,Bering 4 slope,6,1,10115,Greenland turbot,4872,0.245613519422536,3.20176152130374e-4,1196.62906662659,7599.82409460898,4155.93652410422,91668.9498190597,70.4933363368067,3.16128809056252,2021-07-23T23:55:37Z,2021-09-17T21:56:49Z
2020,United States,BSAI,1,Aleutians,1,Aleutians,NE Aleutians slope,15,1,10115,Greenland turbot,14120,0.245514475233669,0.00985051212633557,3466.66439029941,1963939.94488088,9874.80980385568,15935367.5040388,68.9165007481449,2.91638008025672,2021-07-23T23:42:32Z,2021-09-17T21:56:45Z
2020,United States,BSAI,1,Aleutians,1,Aleutians,NW Aleutians slope,16,1,10115,Greenland turbot,6305,0.0765869216809398,9.58547927362466e-4,1081.40733413487,191109.917889135,3080.39387226467,1550661.86375407,68.9165007481449,2.91638008025672,2021-07-23T23:42:32Z,2021-09-17T21:56:46Z
2020,United States,BSAI,1,Aleutians,1,Aleutians,SW Aleutians slope,17,1,10115,Greenland turbot,13609,0.0124622747122179,1.55308291002785e-4,183.569306510969,33697.6902929182,565.258811835731,319517.524357942,71.47783855149,3.32149689868661,2021-07-23T23:42:32Z,2021-09-17T21:56:47Z
2020,United States,BSAI,1,Aleutians,1,Aleutians,SE Aleutians slope,18,1,10115,Greenland turbot,14730,0.00406431849067903,1.65186847936754e-5,59.8674113677021,3584.10694386966,184.347712918804,33984.0792583939,71.47783855149,3.32149689868661,2021-07-23T23:42:32Z,2021-09-17T21:56:45Z
2021,United States,BSAI,2,Bering Sea,2,Bering Sea,Bering 3 slope,7,1,10115,Greenland turbot,7518,0.238217020720303,0.00125998171024962,1790.91556177524,71214.5744973828,7595.52954192375,1280957.66807745,75.1095751894688,3.96327494532294,2021-09-01T17:37:13Z,2021-09-17T21:56:53Z
2021,United States,BSAI,2,Bering Sea,2,Bering Sea,Bering 2 slope,8,1,10115,Greenland turbot,15081,0.729915008813205,0.0323319290373562,11007.8482479119,7353462.75075233,32749.711923632,65088160.447767,68.5389703079256,2.85983301206071,2021-09-01T17:37:13Z,2021-09-17T21:56:53Z
2021,United States,BSAI,2,Bering Sea,2,Bering Sea,Bering 4 slope,6,1,10115,Greenland turbot,4361,0.256680695374324,0.0170376724331627,1119.38451252743,324027.92342674,4187.6329614972,4534830.60506035,69.6880778426095,3.03444369000265,2021-09-01T17:37:13Z,2021-09-17T21:56:53Z
2021,United States,BSAI,2,Bering Sea,2,Bering Sea,Bering 1 slope,9,1,10115,Greenland turbot,5478,0.266126168569557,0.0466024506266347,1457.83915142403,1398468.89399016,4600.22525665614,13924890.4834042,69.5853577581857,3.01853095843576,2021-09-01T17:37:13Z,2021-09-17T21:56:53Z
